car_ID,symboling,CarName,fueltype,aspiration,doornumber,carbody,drivewheel,enginelocation,wheelbase,carlength,carwidth,carheight,curbweight,enginetype,cylindernumber,enginesize,fuelsystem,boreratio,stroke,compressionratio,horsepower,peakrpm,citympg,highwaympg,price
0.0,1.0,0.0,1.0,0.0,1.0,0.0,2.0,0.0,0.05830903790087483,0.41343283582089585,0.31666666666666643,0.08333333333333348,0.41117145073700545,0.0,2.0,0.26037735849056604,5.0,0.6642857142857144,0.29047619047619055,0.125,0.26249999999999996,0.346938775510204,0.22222222222222215,0.2894736842105263,0.20795888982672162
0.004901960784313725,1.0,2.0,1.0,0.0,1.0,0.0,2.0,0.0,0.05830903790087483,0.41343283582089585,0.31666666666666643,0.08333333333333348,0.41117145073700545,0.0,2.0,0.26037735849056604,5.0,0.6642857142857144,0.29047619047619055,0.125,0.26249999999999996,0.346938775510204,0.22222222222222215,0.2894736842105263,0.2825579663373219
0.00980392156862745,0.6000000000000001,1.0,1.0,0.0,1.0,2.0,2.0,0.0,0.23032069970845503,0.4492537313432834,0.43333333333333357,0.3833333333333333,0.5178432893716058,5.0,3.0,0.3433962264150943,5.0,0.10000000000000009,0.6666666666666667,0.125,0.4416666666666666,0.346938775510204,0.16666666666666669,0.26315789473684204,0.2825579663373219
0.014705882352941176,0.8,3.0,1.0,0.0,0.0,3.0,1.0,0.0,0.3848396501457727,0.5298507462686568,0.49166666666666714,0.5416666666666665,0.3293250581846392,3.0,2.0,0.18113207547169813,5.0,0.4642857142857142,0.6333333333333333,0.1875,0.22499999999999998,0.5510204081632655,0.3055555555555555,0.368421052631579,0.21925425748473265
0.0196078431372549,0.8,4.0,1.0,0.0,0.0,3.0,0.0,0.0,0.37317784256559783,0.5298507462686568,0.5083333333333337,0.5416666666666665,0.5182311869666407,3.0,1.0,0.2830188679245283,5.0,0.4642857142857142,0.6333333333333333,0.0625,0.2791666666666667,0.5510204081632655,0.1388888888888889,0.1578947368421053,0.30614170100789434
0.024509803921568627,0.8,8.0,1.0,0.0,1.0,3.0,1.0,0.0,0.3848396501457727,0.5402985074626869,0.5,0.4416666666666669,0.3952676493405741,3.0,1.0,0.2830188679245283,5.0,0.4642857142857142,0.6333333333333333,0.09375,0.2583333333333333,0.5510204081632655,0.16666666666666669,0.23684210526315785,0.25152673650762125
0.029411764705882356,0.6000000000000001,4.0,1.0,0.0,0.0,3.0,1.0,0.0,0.5597667638483963,0.770149253731343,0.9250000000000007,0.6583333333333337,0.525989138867339,3.0,1.0,0.2830188679245283,5.0,0.4642857142857142,0.6333333333333333,0.09375,0.2583333333333333,0.5510204081632655,0.16666666666666669,0.23684210526315785,0.3125961968124721
0.03431372549019608,0.6000000000000001,6.0,1.0,0.0,0.0,4.0,1.0,0.0,0.5597667638483963,0.770149253731343,0.9250000000000007,0.6583333333333337,0.5686578743211792,3.0,1.0,0.2830188679245283,5.0,0.4642857142857142,0.6333333333333333,0.09375,0.2583333333333333,0.5510204081632655,0.16666666666666669,0.23684210526315785,0.3426344272876223
0.0392156862745098,0.6000000000000001,5.0,1.0,1.0,0.0,3.0,1.0,0.0,0.5597667638483963,0.770149253731343,0.9250000000000007,0.6750000000000003,0.6198603568657874,3.0,1.0,0.2641509433962264,5.0,0.4214285714285715,0.6333333333333333,0.08125000000000004,0.38333333333333336,0.5510204081632655,0.1111111111111111,0.10526315789473684,0.46564222233255553
0.044117647058823525,0.4,7.0,1.0,1.0,1.0,2.0,0.0,0.0,0.37609329446064166,0.553731343283582,0.6333333333333337,0.3500000000000001,0.6070597362296353,3.0,1.0,0.2641509433962264,5.0,0.4214285714285715,0.6333333333333333,0.0,0.4666666666666666,0.5510204081632655,0.08333333333333331,0.1578947368421053,0.3162992651804777
0.04901960784313726,0.8,9.0,1.0,0.0,1.0,3.0,2.0,0.0,0.425655976676385,0.5328358208955226,0.375,0.5416666666666665,0.35182311869666405,3.0,2.0,0.17735849056603775,5.0,0.6857142857142857,0.3476190476190477,0.11250000000000004,0.22083333333333333,0.6734693877551019,0.27777777777777773,0.3421052631578947,0.28082021746685865
0.05392156862745098,0.4,9.0,1.0,0.0,0.0,3.0,2.0,0.0,0.425655976676385,0.5328358208955226,0.375,0.5416666666666665,0.35182311869666405,3.0,2.0,0.17735849056603775,5.0,0.6857142857142857,0.3476190476190477,0.11250000000000004,0.22083333333333333,0.6734693877551019,0.27777777777777773,0.3421052631578947,0.2931085844794201
0.058823529411764705,0.4,10.0,1.0,0.0,1.0,3.0,2.0,0.0,0.425655976676385,0.5328358208955226,0.375,0.5416666666666665,0.474010861132661,3.0,3.0,0.38867924528301884,5.0,0.55,0.5333333333333334,0.125,0.30416666666666664,0.04081632653061229,0.22222222222222215,0.3157894736842105,0.3935256442083313
0.06372549019607844,0.4,11.0,1.0,0.0,0.0,3.0,2.0,0.0,0.425655976676385,0.5328358208955226,0.375,0.5416666666666665,0.495345228859581,3.0,3.0,0.38867924528301884,5.0,0.55,0.5333333333333334,0.125,0.30416666666666664,0.04081632653061229,0.22222222222222215,0.3157894736842105,0.396877017029939
0.06862745098039216,0.6000000000000001,14.0,1.0,0.0,0.0,3.0,2.0,0.0,0.49271137026239087,0.7149253731343284,0.5500000000000007,0.6583333333333337,0.6078355314197053,3.0,3.0,0.38867924528301884,5.0,0.55,0.5333333333333334,0.125,0.30416666666666664,0.04081632653061229,0.19444444444444448,0.23684210526315785,0.48277146119855024
0.07352941176470588,0.4,12.0,1.0,0.0,0.0,3.0,2.0,0.0,0.49271137026239087,0.7149253731343284,0.5500000000000007,0.6583333333333337,0.6757176105508145,3.0,3.0,0.558490566037736,5.0,0.7714285714285716,0.6285714285714288,0.0625,0.5583333333333333,0.5102040816326532,0.08333333333333331,0.1578947368421053,0.6365622362345464
0.0784313725490196,0.4,13.0,1.0,0.0,1.0,3.0,2.0,0.0,0.49271137026239087,0.7865671641791048,0.6333333333333337,0.4916666666666667,0.7339022498060512,3.0,3.0,0.558490566037736,5.0,0.7714285714285716,0.6285714285714288,0.0625,0.5583333333333333,0.5102040816326532,0.08333333333333331,0.1578947368421053,0.8985899409165385
0.08333333333333333,0.4,11.0,1.0,0.0,0.0,3.0,2.0,0.0,0.6822157434402332,0.8343283582089551,0.8833333333333337,0.7083333333333335,0.7823894491854151,3.0,3.0,0.558490566037736,5.0,0.7714285714285716,0.6285714285714288,0.0625,0.5583333333333333,0.5102040816326532,0.055555555555555525,0.10526315789473684,0.7884911374807606
0.08823529411764706,0.8,23.0,1.0,0.0,1.0,2.0,1.0,0.0,0.05247813411078761,0.0,0.0,0.4500000000000006,0.0,2.0,4.0,0.0,1.0,0.26428571428571446,0.4571428571428571,0.15625,0.0,0.3877551020408163,0.9444444444444444,0.9736842105263157,0.0008192244675040983
0.09313725490196079,0.6000000000000001,24.0,1.0,0.0,1.0,2.0,1.0,0.0,0.23032069970845503,0.22089552238805998,0.27500000000000036,0.3500000000000001,0.14972847168347558,3.0,2.0,0.10943396226415092,1.0,0.34999999999999987,0.49523809523809526,0.16249999999999998,0.09166666666666667,0.5102040816326532,0.6944444444444444,0.7105263157894737,0.029219006007646098
0.09803921568627451,0.4,25.0,1.0,0.0,0.0,3.0,1.0,0.0,0.23032069970845503,0.2641791044776123,0.27500000000000036,0.3500000000000001,0.1633048875096974,3.0,2.0,0.10943396226415092,1.0,0.34999999999999987,0.49523809523809526,0.16249999999999998,0.09166666666666667,0.5102040816326532,0.6944444444444444,0.7105263157894737,0.03617000148949903
0.10294117647058824,0.6000000000000001,34.0,1.0,0.0,1.0,2.0,1.0,0.0,0.20699708454810528,0.2417910447761198,0.29166666666666696,0.24999999999999956,0.15050426687354534,3.0,2.0,0.10943396226415092,1.0,0.30714285714285716,0.5523809523809524,0.150625,0.08333333333333331,0.5510204081632655,0.6666666666666665,0.6578947368421053,0.01127054267414726
0.10784313725490197,0.6000000000000001,26.0,1.0,0.0,1.0,2.0,1.0,0.0,0.20699708454810528,0.2417910447761198,0.29166666666666696,0.24999999999999956,0.15050426687354534,3.0,2.0,0.10943396226415092,1.0,0.30714285714285716,0.5523809523809524,0.15000000000000002,0.08333333333333331,0.5510204081632655,0.49999999999999994,0.5789473684210527,0.03125465468447444
0.11274509803921569,0.6000000000000001,31.0,1.0,1.0,1.0,2.0,1.0,0.0,0.20699708454810528,0.2417910447761198,0.29166666666666696,0.24999999999999956,0.24825446082234293,3.0,2.0,0.139622641509434,5.0,0.34999999999999987,0.6285714285714288,0.03749999999999998,0.22499999999999998,0.5510204081632655,0.3055555555555555,0.368421052631579,0.07047812918921603
0.11764705882352941,0.6000000000000001,33.0,1.0,0.0,0.0,2.0,1.0,0.0,0.20699708454810528,0.2417910447761198,0.29166666666666696,0.23333333333333384,0.18580294802172226,3.0,2.0,0.10943396226415092,1.0,0.30714285714285716,0.5523809523809524,0.15000000000000002,0.08333333333333331,0.5510204081632655,0.49999999999999994,0.5789473684210527,0.0275805570726379
0.12254901960784313,0.6000000000000001,27.0,1.0,0.0,0.0,3.0,1.0,0.0,0.20699708454810528,0.2417910447761198,0.29166666666666696,0.23333333333333384,0.1943366951124903,3.0,2.0,0.10943396226415092,1.0,0.30714285714285716,0.5523809523809524,0.15000000000000002,0.08333333333333331,0.5510204081632655,0.49999999999999994,0.5789473684210527,0.039074524601558996
0.12745098039215685,0.6000000000000001,28.0,1.0,0.0,0.0,3.0,1.0,0.0,0.20699708454810528,0.2417910447761198,0.29166666666666696,0.23333333333333384,0.1943366951124903,3.0,2.0,0.10943396226415092,1.0,0.30714285714285716,0.5523809523809524,0.15000000000000002,0.08333333333333331,0.5510204081632655,0.49999999999999994,0.5789473684210527,0.06183903480462738
0.1323529411764706,0.6000000000000001,29.0,1.0,1.0,1.0,3.0,1.0,0.0,0.20699708454810528,0.2417910447761198,0.29166666666666696,0.23333333333333384,0.2726920093095423,3.0,2.0,0.139622641509434,5.0,0.34999999999999987,0.6285714285714288,0.03749999999999998,0.22499999999999998,0.5510204081632655,0.3055555555555555,0.368421052631579,0.08539794449133609
0.1372549019607843,0.2,32.0,1.0,0.0,0.0,4.0,1.0,0.0,0.4868804664723032,0.5,0.3583333333333334,0.9999999999999996,0.40612878200155156,3.0,2.0,0.23018867924528302,1.0,0.5714285714285714,0.661904761904762,0.09375,0.16666666666666663,0.346938775510204,0.3055555555555555,0.368421052631579,0.09440941363388114
0.14215686274509803,1.0,30.0,1.0,1.0,1.0,2.0,1.0,0.0,0.2711370262390673,0.4791044776119402,0.5,0.20000000000000062,0.513188518231187,3.0,2.0,0.3584905660377358,4.0,0.7571428571428573,0.8714285714285714,0.0,0.4041666666666666,0.346938775510204,0.16666666666666669,0.21052631578947367,0.1947768233950648
0.14705882352941174,0.8,38.0,1.0,0.0,1.0,2.0,1.0,0.0,0.0,0.052238805970149294,0.2999999999999998,0.24999999999999956,0.08727695888285492,3.0,2.0,0.11698113207547167,0.0,0.26428571428571446,0.6380952380952383,0.16249999999999998,0.04166666666666666,0.26530612244897966,0.9999999999999998,1.0,0.033786803038578006
0.15196078431372548,0.8,42.0,1.0,0.0,1.0,2.0,1.0,0.0,0.0,0.052238805970149294,0.2999999999999998,0.24999999999999956,0.12839410395655548,3.0,2.0,0.11698113207547167,0.0,0.26428571428571446,0.6380952380952383,0.13749999999999996,0.11666666666666664,0.7551020408163265,0.49999999999999994,0.5789473684210527,0.043120996971351966
0.1568627450980392,0.6000000000000001,38.0,1.0,0.0,1.0,2.0,1.0,0.0,0.20699708454810528,0.13283582089552226,0.30833333333333357,0.3999999999999999,0.1353762606671839,3.0,2.0,0.06792452830188678,0.0,0.26428571428571446,0.4761904761904763,0.19374999999999998,0.04999999999999999,0.5510204081632655,0.6944444444444444,0.6842105263157894,0.006975820465716681
0.16176470588235292,0.6000000000000001,36.0,1.0,0.0,1.0,2.0,1.0,0.0,0.20699708454810528,0.13283582089552226,0.30833333333333357,0.3999999999999999,0.1753297129557797,3.0,2.0,0.11698113207547167,0.0,0.26428571428571446,0.6380952380952383,0.13749999999999996,0.11666666666666664,0.7551020408163265,0.47222222222222215,0.4736842105263157,0.035028052231766055
0.16666666666666666,0.6000000000000001,42.0,1.0,0.0,1.0,2.0,1.0,0.0,0.20699708454810528,0.13283582089552226,0.30833333333333357,0.3999999999999999,0.18153607447633824,3.0,2.0,0.11698113207547167,0.0,0.26428571428571446,0.6380952380952383,0.13749999999999996,0.11666666666666664,0.7551020408163265,0.47222222222222215,0.4736842105263157,0.049923042550022334
0.17156862745098037,0.4,37.0,1.0,0.0,0.0,3.0,1.0,0.0,0.2886297376093294,0.33283582089552244,0.30833333333333357,0.5583333333333331,0.20248254460822346,3.0,2.0,0.11698113207547167,0.0,0.26428571428571446,0.6380952380952383,0.13749999999999996,0.11666666666666664,0.7551020408163265,0.47222222222222215,0.4736842105263157,0.05404398987140657
0.1764705882352941,0.4,40.0,1.0,0.0,0.0,4.0,1.0,0.0,0.2886297376093294,0.23880597014925353,0.2999999999999998,0.8749999999999996,0.20791311093871212,3.0,2.0,0.11698113207547167,0.0,0.2714285714285716,0.6380952380952383,0.13749999999999996,0.11666666666666664,0.7551020408163265,0.47222222222222215,0.4736842105263157,0.05404398987140657
0.18137254901960784,0.4,35.0,1.0,0.0,1.0,2.0,1.0,0.0,0.2886297376093294,0.39402985074626873,0.4083333333333341,0.4583333333333335,0.29014740108611325,3.0,2.0,0.1849056603773585,0.0,0.4357142857142857,0.7190476190476192,0.125,0.15833333333333333,0.6734693877551019,0.3888888888888889,0.4473684210526315,0.06893898018966288
0.18627450980392155,0.4,39.0,1.0,0.0,1.0,2.0,1.0,0.0,0.2886297376093294,0.39402985074626873,0.4083333333333341,0.4583333333333335,0.3107059736229635,3.0,2.0,0.1849056603773585,0.0,0.4357142857142857,0.7190476190476192,0.125,0.15833333333333333,0.6734693877551019,0.3888888888888889,0.4473684210526315,0.09872896082617547
0.19117647058823528,0.4,43.0,1.0,0.0,0.0,3.0,1.0,0.0,0.2886297376093294,0.5119402985074628,0.4083333333333341,0.5249999999999999,0.31652443754848725,3.0,2.0,0.1849056603773585,0.0,0.4357142857142857,0.7190476190476192,0.125,0.15833333333333333,0.6734693877551019,0.3888888888888889,0.4473684210526315,0.09252271486023533
0.19607843137254902,0.4,35.0,1.0,0.0,0.0,3.0,1.0,0.0,0.2886297376093294,0.5119402985074628,0.18333333333333357,0.5249999999999999,0.34290147401086113,3.0,2.0,0.1849056603773585,0.0,0.4357142857142857,0.7190476190476192,0.125,0.15833333333333333,0.6734693877551019,0.3888888888888889,0.4473684210526315,0.12851894146268805
0.20098039215686272,0.4,38.0,1.0,0.0,0.0,3.0,1.0,0.0,0.2886297376093294,0.5119402985074628,0.4083333333333341,0.5249999999999999,0.3789759503491078,3.0,2.0,0.1849056603773585,5.0,0.4357142857142857,0.7190476190476192,0.125,0.22083333333333333,0.6734693877551019,0.3055555555555555,0.3157894736842105,0.19430514870165333
0.20588235294117646,0.6000000000000001,41.0,1.0,0.0,1.0,3.0,1.0,0.0,0.2886297376093294,0.4179104477611939,0.47500000000000053,0.26666666666666705,0.3122575640031032,3.0,2.0,0.1849056603773585,1.0,0.4357142857142857,0.7190476190476192,0.13124999999999998,0.21666666666666667,0.5510204081632655,0.3333333333333333,0.39473684210526316,0.12976019065587607
0.2107843137254902,0.4,46.0,1.0,0.0,0.0,3.0,2.0,0.0,0.22448979591836737,0.4417910447761191,0.125,0.4750000000000001,0.3293250581846392,3.0,2.0,0.18867924528301888,1.0,0.55,0.5523809523809524,0.09375,0.125,0.26530612244897966,0.3055555555555555,0.3421052631578947,0.041383248100888725
0.2156862745098039,0.6000000000000001,44.0,1.0,0.0,1.0,3.0,1.0,0.0,0.23032069970845503,0.22089552238805998,0.27500000000000036,0.3500000000000001,0.14972847168347558,3.0,2.0,0.10943396226415092,1.0,0.34999999999999987,0.49523809523809526,0.16249999999999998,0.09166666666666667,0.5102040816326532,0.6944444444444444,0.7105263157894737,0.09429770120649422
0.22058823529411764,0.4,45.0,1.0,0.0,0.0,3.0,1.0,0.0,0.23032069970845503,0.22089552238805998,0.27500000000000036,0.3500000000000001,0.1633048875096974,3.0,2.0,0.10943396226415092,1.0,0.34999999999999987,0.49523809523809526,0.16249999999999998,0.09166666666666667,0.5102040816326532,0.6944444444444444,0.7105263157894737,0.09429770120649422
0.22549019607843135,0.8,44.0,1.0,0.0,1.0,2.0,2.0,0.0,0.27405247813411115,0.4701492537313432,0.4083333333333341,0.30000000000000027,0.4833204034134988,3.0,2.0,0.2188679245283019,7.0,0.6357142857142859,0.5523809523809524,0.13749999999999996,0.175,0.346938775510204,0.3055555555555555,0.3421052631578947,0.14721215431209972
0.23039215686274508,0.4,48.0,1.0,0.0,0.0,3.0,2.0,0.0,0.7696793002915454,0.8731343283582089,0.7749999999999995,0.4166666666666665,1.0,0.0,3.0,0.7433962264150944,5.0,0.7785714285714287,1.0,0.06874999999999998,0.5333333333333332,0.24489795918367352,0.055555555555555525,0.07894736842105265,0.6735514621915497
0.23529411764705882,0.4,47.0,1.0,0.0,0.0,3.0,2.0,0.0,0.7696793002915454,0.8731343283582089,0.7749999999999995,0.4166666666666665,1.0,0.0,3.0,0.7433962264150944,5.0,0.7785714285714287,1.0,0.06874999999999998,0.5333333333333332,0.24489795918367352,0.055555555555555525,0.07894736842105265,0.7554739089419593
0.24019607843137253,0.4,49.0,1.0,0.0,1.0,3.0,2.0,0.0,0.44897959183673475,0.7552238805970148,0.8583333333333334,0.0,0.9550038789759503,5.0,5.0,1.0,5.0,0.7142857142857142,0.3285714285714285,0.28125,0.8916666666666666,0.346938775510204,0.0,0.02631578947368418,0.7666451516806514
0.24509803921568626,0.6000000000000001,51.0,1.0,0.0,1.0,2.0,1.0,0.0,0.18950437317784274,0.26865671641791034,0.3250000000000002,0.5249999999999999,0.15593483320403412,3.0,2.0,0.1132075471698113,1.0,0.34999999999999987,0.5142857142857142,0.125,0.08333333333333331,0.346938775510204,0.47222222222222215,0.39473684210526316,0.0019115237575095534
0.24999999999999997,0.6000000000000001,50.0,1.0,0.0,1.0,2.0,1.0,0.0,0.18950437317784274,0.26865671641791034,0.3250000000000002,0.5249999999999999,0.15981380915438326,3.0,2.0,0.1132075471698113,1.0,0.34999999999999987,0.5142857142857142,0.125,0.08333333333333331,0.346938775510204,0.49999999999999994,0.5789473684210527,0.024254009234893986
0.25490196078431376,0.6000000000000001,58.0,1.0,0.0,1.0,2.0,1.0,0.0,0.18950437317784274,0.26865671641791034,0.3250000000000002,0.5249999999999999,0.16175329712955777,3.0,2.0,0.1132075471698113,1.0,0.34999999999999987,0.5142857142857142,0.125,0.08333333333333331,0.346938775510204,0.49999999999999994,0.5789473684210527,0.041631497939526335
0.25980392156862747,0.6000000000000001,59.0,1.0,0.0,0.0,3.0,1.0,0.0,0.18950437317784274,0.38358208955223905,0.3250000000000002,0.5249999999999999,0.17726920093095422,3.0,2.0,0.1132075471698113,1.0,0.34999999999999987,0.5142857142857142,0.125,0.08333333333333331,0.346938775510204,0.49999999999999994,0.5789473684210527,0.03914899955315029
0.2647058823529412,0.6000000000000001,57.0,1.0,0.0,0.0,3.0,1.0,0.0,0.18950437317784274,0.38358208955223905,0.3250000000000002,0.5249999999999999,0.17920868890612873,3.0,2.0,0.1132075471698113,1.0,0.3857142857142859,0.5142857142857142,0.125,0.08333333333333331,0.346938775510204,0.49999999999999994,0.5789473684210527,0.056526488257782614
0.26960784313725494,1.0,52.0,1.0,0.0,1.0,2.0,2.0,0.0,0.2536443148688048,0.4164179104477612,0.4500000000000002,0.1499999999999999,0.3460046547711404,6.0,6.0,0.03396226415094339,2.0,0.5642857142857143,0.5642857142857143,0.15000000000000002,0.22083333333333333,0.7551020408163265,0.1111111111111111,0.1842105263157895,0.14465518097413238
0.27450980392156865,1.0,53.0,1.0,0.0,1.0,2.0,2.0,0.0,0.2536443148688048,0.4164179104477612,0.4500000000000002,0.1499999999999999,0.3460046547711404,6.0,6.0,0.03396226415094339,2.0,0.5642857142857143,0.5642857142857143,0.15000000000000002,0.22083333333333333,0.7551020408163265,0.1111111111111111,0.1842105263157895,0.1669976664515168
0.27941176470588236,1.0,60.0,1.0,0.0,1.0,2.0,2.0,0.0,0.2536443148688048,0.4164179104477612,0.4500000000000002,0.1499999999999999,0.3479441427463149,6.0,6.0,0.03396226415094339,2.0,0.5642857142857143,0.5642857142857143,0.15000000000000002,0.22083333333333333,0.7551020408163265,0.1111111111111111,0.1842105263157895,0.21168263740628568
0.28431372549019607,1.0,54.0,1.0,0.0,1.0,2.0,2.0,0.0,0.2536443148688048,0.4164179104477612,0.4500000000000002,0.1499999999999999,0.39255236617532974,6.0,6.0,0.07169811320754715,5.0,0.5642857142857143,0.5642857142857143,0.15000000000000002,0.3625,0.7551020408163265,0.08333333333333331,0.1842105263157895,0.2613326051338067
0.28921568627450983,0.6000000000000001,52.0,1.0,0.0,1.0,2.0,1.0,0.0,0.3556851311953353,0.5477611940298508,0.5166666666666666,0.4916666666666667,0.3479441427463149,3.0,2.0,0.23018867924528302,1.0,0.6071428571428574,0.6285714285714288,0.09999999999999998,0.14999999999999997,0.26530612244897966,0.3611111111111111,0.42105263157894735,0.09252271486023533
0.29411764705882354,0.4,56.0,1.0,0.0,0.0,3.0,1.0,0.0,0.3556851311953353,0.5477611940298508,0.5166666666666666,0.641666666666667,0.3576415826221877,3.0,2.0,0.23018867924528302,1.0,0.6071428571428574,0.6285714285714288,0.09999999999999998,0.14999999999999997,0.26530612244897966,0.3611111111111111,0.42105263157894735,0.08383397050791916
0.29901960784313725,0.6000000000000001,55.0,1.0,0.0,1.0,2.0,1.0,0.0,0.3556851311953353,0.5477611940298508,0.5166666666666666,0.4916666666666667,0.3479441427463149,3.0,2.0,0.23018867924528302,1.0,0.6071428571428574,0.6285714285714288,0.09999999999999998,0.14999999999999997,0.26530612244897966,0.3611111111111111,0.42105263157894735,0.13596643662181618
0.303921568627451,0.4,59.0,1.0,0.0,0.0,3.0,1.0,0.0,0.3556851311953353,0.5477611940298508,0.5166666666666666,0.641666666666667,0.3576415826221877,3.0,2.0,0.23018867924528302,1.0,0.6071428571428574,0.6285714285714288,0.09999999999999998,0.14999999999999997,0.26530612244897966,0.3611111111111111,0.42105263157894735,0.12727769226950003
0.3088235294117647,0.4,57.0,0.0,0.0,0.0,3.0,1.0,0.0,0.3556851311953353,0.5477611940298508,0.5166666666666666,0.641666666666667,0.37044220325833976,3.0,2.0,0.23018867924528302,3.0,0.6071428571428574,0.6285714285714288,0.98125,0.06666666666666665,0.20408163265306123,0.6388888888888888,0.6842105263157894,0.14093143339456832
0.3137254901960784,0.4,52.0,1.0,0.0,0.0,2.0,1.0,0.0,0.3556851311953353,0.5477611940298508,0.5166666666666666,0.641666666666667,0.36346004654771136,3.0,2.0,0.23018867924528302,1.0,0.6071428571428574,0.6285714285714288,0.09999999999999998,0.14999999999999997,0.26530612244897966,0.3611111111111111,0.42105263157894735,0.1521026761332605
0.3186274509803922,0.4,53.0,1.0,0.0,0.0,3.0,2.0,0.0,0.5335276967930032,0.5059701492537312,0.4833333333333334,0.5500000000000003,0.45849495733126444,3.0,2.0,0.2981132075471698,5.0,0.8714285714285712,0.5190476190476192,0.0625,0.3,0.346938775510204,0.16666666666666669,0.2894736842105263,0.32674643761481553
0.3235294117647059,0.4,60.0,0.0,0.0,0.0,3.0,2.0,0.0,0.5335276967930032,0.5059701492537312,0.4833333333333334,0.5500000000000003,0.47013188518231197,3.0,2.0,0.27547169811320754,3.0,0.6357142857142859,0.7476190476190478,0.9375,0.09999999999999998,0.020408163265306145,0.49999999999999994,0.6052631578947367,0.32833523658209623
0.3284313725490196,0.2,18.0,0.0,1.0,0.0,3.0,2.0,0.0,0.6822157434402332,0.7432835820895525,0.833333333333333,0.7250000000000001,0.7862684251357641,3.0,1.0,0.460377358490566,3.0,0.7428571428571431,0.7476190476190478,0.90625,0.31249999999999994,0.08163265306122436,0.24999999999999994,0.23684210526315785,0.5072737202720818
0.33333333333333337,0.2,16.0,0.0,1.0,0.0,4.0,2.0,0.0,0.6822157434402332,0.7432835820895525,0.833333333333333,0.9083333333333337,0.8774243599689682,3.0,1.0,0.460377358490566,3.0,0.7428571428571431,0.7476190476190478,0.90625,0.31249999999999994,0.08163265306122436,0.24999999999999994,0.23684210526315785,0.5742018767687802
0.3382352941176471,0.4,15.0,0.0,1.0,1.0,1.0,2.0,0.0,0.5860058309037903,0.6925373134328359,0.833333333333333,0.5916666666666663,0.7785104732350658,3.0,1.0,0.460377358490566,3.0,0.7428571428571431,0.7476190476190478,0.90625,0.31249999999999994,0.08163265306122436,0.24999999999999994,0.23684210526315785,0.5724144779305893
0.3431372549019608,0.2,21.0,0.0,1.0,0.0,3.0,2.0,0.0,0.8454810495626819,0.9179104477611939,0.9500000000000002,0.7083333333333335,0.8851823118696664,3.0,1.0,0.460377358490566,3.0,0.7428571428571431,0.7476190476190478,0.90625,0.31249999999999994,0.08163265306122436,0.24999999999999994,0.23684210526315785,0.6574152226801053
0.3480392156862745,0.2,19.0,1.0,0.0,0.0,3.0,2.0,0.0,0.8454810495626819,0.9179104477611939,0.9500000000000002,0.7250000000000001,0.8735453840186191,5.0,0.0,0.6528301886792454,5.0,0.6571428571428573,0.4904761904761905,0.08125000000000004,0.44583333333333336,0.24489795918367352,0.08333333333333331,0.05263157894736842,0.7215629809840625
0.35294117647058826,1.0,22.0,1.0,0.0,1.0,0.0,2.0,0.0,0.29154518950437325,0.5850746268656719,0.8500000000000005,0.24999999999999956,0.8522110162916989,5.0,0.0,0.6528301886792454,5.0,0.6571428571428573,0.4904761904761905,0.08125000000000004,0.44583333333333336,0.24489795918367352,0.08333333333333331,0.05263157894736842,0.7432103669132615
0.35784313725490197,0.4,17.0,1.0,0.0,0.0,3.0,2.0,0.0,1.0,1.0,0.9500000000000002,0.7416666666666667,0.9356089992242047,5.0,0.0,0.9320754716981132,5.0,0.9000000000000001,0.6095238095238096,0.0625,0.5666666666666667,0.1428571428571428,0.027777777777777735,0.0,0.8897770716449036
0.3627450980392157,0.6000000000000001,20.0,1.0,0.0,1.0,1.0,2.0,0.0,0.740524781341108,0.8671641791044773,0.9750000000000005,0.6333333333333333,0.8638479441427462,5.0,0.0,0.9169811320754717,5.0,0.9000000000000001,0.6095238095238096,0.0625,0.5666666666666667,0.1428571428571428,0.027777777777777735,0.0,1.0
0.36764705882352944,0.6000000000000001,61.0,1.0,1.0,1.0,2.0,2.0,0.0,0.4693877551020411,0.5567164179104478,0.6416666666666666,0.5833333333333335,0.5515903801396431,3.0,2.0,0.2981132075471698,5.0,0.8857142857142855,0.5000000000000002,0.0625,0.5291666666666666,0.346938775510204,0.16666666666666669,0.21052631578947367,0.2826324412889132
0.37254901960784315,0.8,64.0,1.0,0.0,1.0,2.0,1.0,0.0,0.20699708454810528,0.2417910447761198,0.3416666666666677,0.24999999999999956,0.16679596586501166,3.0,2.0,0.11698113207547167,1.0,0.30714285714285716,0.5523809523809524,0.15000000000000002,0.08333333333333331,0.5510204081632655,0.6666666666666665,0.6578947368421053,0.006727570627079071
0.37745098039215685,0.8,63.0,1.0,0.0,1.0,2.0,1.0,0.0,0.20699708454810528,0.2417910447761198,0.3416666666666677,0.24999999999999956,0.17688130333591934,3.0,2.0,0.11698113207547167,1.0,0.30714285714285716,0.5523809523809524,0.15000000000000002,0.08333333333333331,0.5510204081632655,0.49999999999999994,0.5789473684210527,0.026587557718087462
0.3823529411764706,0.8,67.0,1.0,0.0,1.0,2.0,1.0,0.0,0.20699708454810528,0.2417910447761198,0.3416666666666677,0.24999999999999956,0.20015515903801395,3.0,2.0,0.11698113207547167,1.0,0.30714285714285716,0.5523809523809524,0.15000000000000002,0.08333333333333331,0.5510204081632655,0.49999999999999994,0.5789473684210527,0.03850354997269251
0.3872549019607843,0.6000000000000001,62.0,1.0,1.0,1.0,2.0,1.0,0.0,0.18658892128279891,0.2417910447761198,0.29166666666666696,0.24999999999999956,0.25484871993793634,3.0,2.0,0.139622641509434,6.0,0.34999999999999987,0.6285714285714288,0.03749999999999998,0.22499999999999998,0.5510204081632655,0.3055555555555555,0.368421052631579,0.0638250335137282
0.39215686274509803,1.0,65.0,1.0,1.0,1.0,2.0,1.0,0.0,0.2827988338192422,0.4761194029850748,0.4250000000000007,0.1333333333333333,0.34212567882079126,3.0,2.0,0.1849056603773585,6.0,0.44999999999999996,0.661904761904762,0.03125,0.2833333333333333,0.5510204081632655,0.27777777777777773,0.368421052631579,0.12017774688446453
0.3970588235294118,1.0,62.0,1.0,0.0,1.0,2.0,1.0,0.0,0.2827988338192422,0.4761194029850748,0.4250000000000007,0.1333333333333333,0.32583397982932505,3.0,2.0,0.23018867924528302,1.0,0.5785714285714285,0.661904761904762,0.09375,0.16666666666666663,0.346938775510204,0.3333333333333333,0.42105263157894735,0.0839332704433742
0.4019607843137255,1.0,67.0,1.0,1.0,1.0,2.0,1.0,0.0,0.2711370262390673,0.4791044776119402,0.5,0.20000000000000062,0.5217222653219551,3.0,2.0,0.3584905660377358,6.0,0.7428571428571431,0.8523809523809525,0.0,0.4041666666666666,0.346938775510204,0.16666666666666669,0.21052631578947367,0.18646045380070503
0.4068627450980392,1.0,62.0,1.0,1.0,1.0,2.0,1.0,0.0,0.2711370262390673,0.4791044776119402,0.5,0.20000000000000062,0.5558572536850273,3.0,2.0,0.3584905660377358,6.0,0.7499999999999998,0.8523809523809525,0.0,0.4041666666666666,0.346938775510204,0.16666666666666669,0.21052631578947367,0.2420684176555285
0.411764705882353,1.0,65.0,1.0,1.0,1.0,2.0,1.0,0.0,0.2711370262390673,0.4791044776119402,0.5,0.20000000000000062,0.5577967416602017,3.0,2.0,0.3584905660377358,6.0,0.7499999999999998,0.8523809523809525,0.0,0.4041666666666666,0.346938775510204,0.16666666666666669,0.21052631578947367,0.23263492378729955
0.4166666666666667,0.6000000000000001,66.0,1.0,0.0,0.0,3.0,1.0,0.0,0.2827988338192422,0.46716417910447783,0.4250000000000007,0.3166666666666669,0.34018619084561674,3.0,2.0,0.23018867924528302,1.0,0.5785714285714285,0.661904761904762,0.09375,0.16666666666666663,0.346938775510204,0.3333333333333333,0.42105263157894735,0.04644754480909585
0.4215686274509804,0.6000000000000001,68.0,1.0,0.0,0.0,3.0,1.0,0.0,0.2827988338192422,0.46716417910447783,0.4250000000000007,0.3166666666666669,0.3557020946470132,3.0,2.0,0.23018867924528302,1.0,0.5785714285714285,0.661904761904762,0.09375,0.16666666666666663,0.346938775510204,0.3333333333333333,0.42105263157894735,0.07623752544560847
0.42647058823529416,0.6000000000000001,67.0,1.0,1.0,0.0,3.0,1.0,0.0,0.2827988338192422,0.46716417910447783,0.4250000000000007,0.3166666666666669,0.3549262994569433,3.0,2.0,0.1849056603773585,6.0,0.44999999999999996,0.661904761904762,0.03125,0.2833333333333333,0.5510204081632655,0.27777777777777773,0.368421052631579,0.1032967578571074
0.43137254901960786,0.2,65.0,1.0,0.0,0.0,3.0,1.0,0.0,0.2827988338192422,0.46716417910447783,0.4250000000000007,0.3166666666666669,0.3549262994569433,3.0,2.0,0.1849056603773585,6.0,0.44999999999999996,0.661904761904762,0.03125,0.2833333333333333,0.5510204081632655,0.27777777777777773,0.368421052631579,0.1032967578571074
0.4362745098039216,0.6000000000000001,83.0,1.0,0.0,1.0,3.0,1.0,0.0,0.23032069970845503,0.36119402985074656,0.29166666666666696,0.5583333333333331,0.15554693560899924,3.0,2.0,0.1358490566037736,1.0,0.4357142857142857,0.5809523809523811,0.15000000000000002,0.08749999999999997,0.4285714285714286,0.49999999999999994,0.5526315789473684,0.00945831885209275
0.4411764705882353,0.6000000000000001,72.0,0.0,0.0,1.0,3.0,1.0,0.0,0.23032069970845503,0.36119402985074656,0.29166666666666696,0.5583333333333331,0.20519782777346784,3.0,2.0,0.15849056603773587,3.0,0.32142857142857184,0.6666666666666667,0.9312499999999999,0.029166666666666646,0.26530612244897966,0.8888888888888888,0.894736842105263,0.04917829303410953
0.44607843137254904,0.6000000000000001,80.0,1.0,0.0,1.0,3.0,1.0,0.0,0.23032069970845503,0.36119402985074656,0.29166666666666696,0.5583333333333331,0.16679596586501166,3.0,2.0,0.1358490566037736,1.0,0.4357142857142857,0.5809523809523811,0.15000000000000002,0.08749999999999997,0.4285714285714286,0.49999999999999994,0.5526315789473684,0.03800705029541729
0.45098039215686275,0.6000000000000001,75.0,1.0,0.0,0.0,3.0,1.0,0.0,0.23032069970845503,0.36119402985074656,0.29166666666666696,0.5583333333333331,0.17455391776570983,3.0,2.0,0.1358490566037736,1.0,0.4357142857142857,0.5809523809523811,0.15000000000000002,0.08749999999999997,0.4285714285714286,0.49999999999999994,0.5526315789473684,0.0429720470681694
0.45588235294117646,0.6000000000000001,82.0,1.0,0.0,0.0,4.0,1.0,0.0,0.23032069970845503,0.4343283582089552,0.29166666666666696,0.4750000000000001,0.20791311093871212,3.0,2.0,0.1358490566037736,1.0,0.4357142857142857,0.5809523809523811,0.15000000000000002,0.08749999999999997,0.4285714285714286,0.49999999999999994,0.5526315789473684,0.05538453900004964
0.4607843137254902,0.6000000000000001,76.0,1.0,0.0,1.0,3.0,1.0,0.0,0.23032069970845503,0.36119402985074656,0.29166666666666696,0.5583333333333331,0.17959658650116372,3.0,2.0,0.1358490566037736,1.0,0.4357142857142857,0.5809523809523811,0.15000000000000002,0.08749999999999997,0.4285714285714286,0.49999999999999994,0.5526315789473684,0.054143289806861616
0.46568627450980393,0.6000000000000001,73.0,1.0,0.0,1.0,2.0,1.0,0.0,0.23032069970845503,0.3656716417910446,0.29166666666666696,0.4583333333333335,0.20946470131885186,3.0,2.0,0.1358490566037736,1.0,0.4357142857142857,0.5809523809523811,0.15000000000000002,0.08749999999999997,0.4285714285714286,0.49999999999999994,0.5526315789473684,0.06655578173874185
0.47058823529411764,0.6000000000000001,75.0,1.0,0.0,0.0,3.0,1.0,0.0,0.23032069970845503,0.36119402985074656,0.29166666666666696,0.5583333333333331,0.1873545384018619,3.0,2.0,0.1358490566037736,1.0,0.4357142857142857,0.5809523809523811,0.15000000000000002,0.08749999999999997,0.4285714285714286,0.49999999999999994,0.5526315789473684,0.05910828657961373
0.4754901960784314,0.6000000000000001,77.0,1.0,0.0,0.0,4.0,1.0,0.0,0.23032069970845503,0.4343283582089552,0.29166666666666696,0.4750000000000001,0.212955779674166,3.0,2.0,0.1358490566037736,1.0,0.4357142857142857,0.5809523809523811,0.15000000000000002,0.08749999999999997,0.4285714285714286,0.49999999999999994,0.5526315789473684,0.07152077851149397
0.4803921568627451,0.8,69.0,1.0,0.0,1.0,1.0,1.0,0.0,0.24781341107871713,0.31791044776119426,0.29166666666666696,0.4583333333333335,0.20170674941815359,3.0,2.0,0.1358490566037736,1.0,0.4357142857142857,0.5809523809523811,0.15000000000000002,0.08749999999999997,0.4285714285714286,0.49999999999999994,0.5526315789473684,0.0777270244774341
0.4852941176470588,0.4,80.0,1.0,0.0,0.0,2.0,1.0,0.0,0.3090379008746358,0.482089552238806,0.4083333333333341,0.5750000000000006,0.3242823894491854,3.0,2.0,0.22264150943396227,1.0,0.5642857142857143,0.6666666666666667,0.09375,0.20416666666666666,0.4285714285714286,0.3888888888888889,0.4736842105263157,0.09510451318206642
0.4901960784313726,0.4,78.0,1.0,0.0,0.0,3.0,1.0,0.0,0.3090379008746358,0.482089552238806,0.4083333333333341,0.5750000000000006,0.3157486423584174,3.0,2.0,0.22264150943396227,1.0,0.5642857142857143,0.6666666666666667,0.09375,0.20416666666666666,0.4285714285714286,0.3888888888888889,0.4736842105263157,0.10999950350032273
0.4950980392156863,0.4,70.0,1.0,0.0,0.0,3.0,1.0,0.0,0.40233236151603524,0.6059701492537313,0.5166666666666666,0.6083333333333338,0.6233514352211016,5.0,3.0,0.45283018867924524,5.0,0.6357142857142859,0.5714285714285716,0.125,0.4333333333333333,0.4285714285714286,0.1111111111111111,0.1578947368421053,0.20805818976217666
0.5,0.4,71.0,1.0,0.0,0.0,4.0,1.0,0.0,0.40233236151603524,0.6492537313432836,0.5166666666666666,0.6916666666666669,0.7013188518231186,5.0,3.0,0.45283018867924524,5.0,0.6357142857142859,0.5714285714285716,0.125,0.4333333333333333,0.4285714285714286,0.1111111111111111,0.1578947368421053,0.2304006752395611
0.5049019607843137,0.4,79.0,1.0,0.0,0.0,3.0,1.0,0.0,0.40233236151603524,0.6492537313432836,0.5166666666666666,0.6083333333333338,0.6097750193948797,5.0,3.0,0.45283018867924524,5.0,0.6357142857142859,0.5714285714285716,0.125,0.4333333333333333,0.4285714285714286,0.16666666666666669,0.23684210526315785,0.20805818976217666
0.5098039215686274,1.0,81.0,1.0,0.0,1.0,2.0,2.0,0.0,0.13702623906705558,0.4417910447761191,0.6333333333333337,0.15833333333333366,0.6140418929402638,5.0,3.0,0.45283018867924524,5.0,0.6357142857142859,0.5714285714285716,0.125,0.4666666666666666,0.4285714285714286,0.16666666666666669,0.23684210526315785,0.2999106300580905
0.5147058823529412,1.0,74.0,1.0,1.0,1.0,2.0,2.0,0.0,0.13702623906705558,0.4417910447761191,0.6333333333333337,0.15833333333333366,0.6404189294026377,5.0,3.0,0.45283018867924524,5.0,0.6357142857142859,0.5714285714285716,0.04999999999999999,0.6333333333333333,0.4285714285714286,0.1111111111111111,0.1842105263157895,0.3619730897174917
0.5196078431372549,0.6000000000000001,69.0,1.0,0.0,1.0,2.0,2.0,0.0,0.3673469387755106,0.5582089552238805,0.6333333333333337,0.15833333333333366,0.6404189294026377,5.0,3.0,0.45283018867924524,5.0,0.6357142857142859,0.5714285714285716,0.125,0.4666666666666666,0.4285714285714286,0.16666666666666669,0.23684210526315785,0.32970061069460305
0.5245098039215687,0.4,85.0,1.0,0.0,0.0,3.0,2.0,0.0,0.620991253644315,0.6805970149253731,0.6750000000000007,0.7416666666666667,0.5942591155934833,2.0,2.0,0.22264150943396227,5.0,0.6571428571428573,0.5333333333333334,0.08750000000000002,0.20416666666666666,0.346938775510204,0.16666666666666669,0.21052631578947367,0.16836304056402362
0.5294117647058824,0.4,84.0,0.0,1.0,0.0,3.0,2.0,0.0,0.620991253644315,0.6805970149253731,0.6750000000000007,0.7416666666666667,0.6629169899146625,2.0,2.0,0.3433962264150943,3.0,0.828571428571429,0.6904761904761905,0.875,0.1958333333333333,0.0,0.4166666666666666,0.4473684210526315,0.20063551958691228
0.5343137254901961,0.4,86.0,1.0,0.0,0.0,4.0,2.0,0.0,0.80466472303207,0.8626865671641792,0.6750000000000007,0.9083333333333337,0.6757176105508145,2.0,2.0,0.22264150943396227,5.0,0.6571428571428573,0.5333333333333334,0.08750000000000002,0.20416666666666666,0.346938775510204,0.16666666666666669,0.21052631578947367,0.18176853185045427
0.5392156862745098,0.4,85.0,0.0,1.0,0.0,4.0,2.0,0.0,0.80466472303207,0.8626865671641792,0.6750000000000007,0.9083333333333337,0.7532971295577968,2.0,2.0,0.3433962264150943,3.0,0.828571428571429,0.6904761904761905,0.875,0.1958333333333333,0.0,0.3333333333333333,0.23684210526315785,0.2170200089369942
0.5441176470588236,0.4,85.0,1.0,0.0,0.0,3.0,2.0,0.0,0.620991253644315,0.6805970149253731,0.6750000000000007,0.7416666666666667,0.6155934833204033,2.0,2.0,0.22264150943396227,5.0,0.6571428571428573,0.05714285714285716,0.08750000000000002,0.1958333333333333,0.346938775510204,0.16666666666666669,0.21052631578947367,0.25971898118266223
0.5490196078431373,0.4,88.0,0.0,1.0,0.0,3.0,2.0,0.0,0.620991253644315,0.6805970149253731,0.6750000000000007,0.7416666666666667,0.6842513576415825,2.0,2.0,0.3433962264150943,3.0,0.828571428571429,0.6904761904761905,0.875,0.1958333333333333,0.0,0.4166666666666666,0.4473684210526315,0.29248795988282605
0.553921568627451,0.4,85.0,1.0,0.0,0.0,4.0,2.0,0.0,0.80466472303207,0.8626865671641792,0.6750000000000007,0.7416666666666667,0.6970519782777347,2.0,2.0,0.22264150943396227,5.0,0.6571428571428573,0.05714285714285716,0.08750000000000002,0.1958333333333333,0.346938775510204,0.16666666666666669,0.21052631578947367,0.2873988381907552
0.5588235294117647,0.4,87.0,0.0,1.0,0.0,4.0,2.0,0.0,0.80466472303207,0.8626865671641792,0.6750000000000007,0.9083333333333337,0.7746314972847168,2.0,2.0,0.3433962264150943,3.0,0.828571428571429,0.6904761904761905,0.875,0.1958333333333333,0.0,0.3333333333333333,0.23684210526315785,0.2968323320589842
0.5637254901960784,0.4,85.0,1.0,0.0,0.0,3.0,2.0,0.0,0.620991253644315,0.6805970149253731,0.6750000000000007,0.7416666666666667,0.6155934833204033,2.0,2.0,0.22264150943396227,5.0,0.6571428571428573,0.5333333333333334,0.08750000000000002,0.20416666666666666,0.346938775510204,0.16666666666666669,0.21052631578947367,0.28578521423961073
0.5686274509803921,0.4,85.0,0.0,1.0,0.0,3.0,2.0,0.0,0.620991253644315,0.6805970149253731,0.6750000000000007,0.7416666666666667,0.6842513576415825,2.0,2.0,0.3433962264150943,3.0,0.828571428571429,0.6904761904761905,0.875,0.1958333333333333,0.0,0.4166666666666666,0.4473684210526315,0.3185541929397746
0.5735294117647058,0.4,88.0,1.0,1.0,0.0,3.0,2.0,0.0,0.6239067055393588,0.6805970149253731,0.666666666666667,0.6833333333333331,0.6369278510473235,2.0,2.0,0.27547169811320754,5.0,0.7642857142857145,0.5428571428571429,0.0,0.39166666666666666,0.5918367346938773,0.1388888888888889,0.21052631578947367,0.3235191897125267
0.5784313725490197,0.6000000000000001,92.0,1.0,0.0,1.0,2.0,1.0,0.0,0.20699708454810528,0.2417910447761198,0.29166666666666696,0.24999999999999956,0.16679596586501166,3.0,2.0,0.10943396226415092,1.0,0.30714285714285716,0.5523809523809524,0.15000000000000002,0.08333333333333331,0.5510204081632655,0.6666666666666665,0.6578947368421053,0.01127054267414726
0.5833333333333334,0.6000000000000001,89.0,1.0,1.0,1.0,2.0,1.0,0.0,0.20699708454810528,0.2417910447761198,0.29166666666666696,0.24999999999999956,0.24825446082234293,3.0,2.0,0.139622641509434,6.0,0.34999999999999987,0.6285714285714288,0.03749999999999998,0.22499999999999998,0.5510204081632655,0.3055555555555555,0.368421052631579,0.07047812918921603
0.5882352941176471,0.6000000000000001,92.0,1.0,0.0,0.0,2.0,1.0,0.0,0.20699708454810528,0.2417910447761198,0.29166666666666696,0.23333333333333384,0.18580294802172226,3.0,2.0,0.10943396226415092,1.0,0.30714285714285716,0.5523809523809524,0.15000000000000002,0.08333333333333331,0.5510204081632655,0.49999999999999994,0.5789473684210527,0.0275805570726379
0.5931372549019608,0.6000000000000001,93.0,1.0,0.0,0.0,3.0,1.0,0.0,0.20699708454810528,0.39104477611940336,0.29166666666666696,0.24999999999999956,0.1943366951124903,3.0,2.0,0.10943396226415092,1.0,0.30714285714285716,0.5523809523809524,0.15000000000000002,0.08333333333333331,0.5510204081632655,0.49999999999999994,0.5789473684210527,0.039074524601558996
0.5980392156862745,0.6000000000000001,91.0,1.0,0.0,0.0,3.0,1.0,0.0,0.20699708454810528,0.39104477611940336,0.29166666666666696,0.24999999999999956,0.2726920093095423,3.0,2.0,0.139622641509434,1.0,0.30714285714285716,0.5523809523809524,0.15000000000000002,0.08333333333333331,0.5510204081632655,0.49999999999999994,0.5789473684210527,0.06183903480462738
0.6029411764705882,0.2,94.0,1.0,0.0,0.0,4.0,1.0,0.0,0.4868804664723032,0.5,0.3583333333333334,0.9999999999999996,0.40612878200155156,3.0,2.0,0.23018867924528302,1.0,0.5785714285714285,0.661904761904762,0.09375,0.16666666666666663,0.346938775510204,0.3055555555555555,0.368421052631579,0.09440941363388114
0.607843137254902,1.0,90.0,1.0,1.0,1.0,2.0,2.0,0.0,0.2711370262390673,0.4791044776119402,0.5,0.20000000000000062,0.5159038013964314,3.0,2.0,0.3584905660377358,6.0,0.7499999999999998,0.8523809523809525,0.0,0.4041666666666666,0.346938775510204,0.16666666666666669,0.21052631578947367,0.18981182662231272
0.6127450980392157,1.0,98.0,1.0,0.0,1.0,2.0,2.0,0.0,0.23032069970845503,0.41492537313432853,0.666666666666667,0.20000000000000062,0.5003878975950349,3.0,2.0,0.33962264150943394,5.0,1.0000000000000002,0.49523809523809526,0.15625,0.3958333333333333,0.5510204081632655,0.16666666666666669,0.2894736842105263,0.41954222729755225
0.6176470588235294,1.0,95.0,1.0,0.0,1.0,1.0,2.0,1.0,0.08454810495626841,0.41492537313432853,0.3916666666666666,0.3166666666666669,0.49185415050426684,4.0,3.0,0.5018867924528303,5.0,0.8571428571428574,0.3952380952380954,0.15625,0.6624999999999999,0.7142857142857142,0.1111111111111111,0.23684210526315785,0.6804528077056751
0.6225490196078431,1.0,97.0,1.0,0.0,1.0,1.0,2.0,1.0,0.08454810495626841,0.41492537313432853,0.3916666666666666,0.3166666666666669,0.49185415050426684,4.0,3.0,0.5018867924528303,5.0,0.8571428571428574,0.3952380952380954,0.15625,0.6624999999999999,0.7142857142857142,0.1111111111111111,0.23684210526315785,0.7176902835013157
0.6274509803921569,1.0,96.0,1.0,0.0,1.0,0.0,2.0,1.0,0.08454810495626841,0.41492537313432853,0.3916666666666666,0.3166666666666669,0.5089216446858029,4.0,3.0,0.5018867924528303,5.0,0.8571428571428574,0.3952380952380954,0.15625,0.6624999999999999,0.7142857142857142,0.1111111111111111,0.23684210526315785,0.7921652350925972
0.6323529411764706,0.6000000000000001,97.0,1.0,0.0,1.0,2.0,2.0,0.0,0.34402332361516086,0.5164179104477609,1.0,0.2250000000000001,0.7284716834755625,1.0,0.0,0.5358490566037737,5.0,1.0000000000000002,0.49523809523809526,0.1875,1.0,0.653061224489796,0.1111111111111111,0.3157894736842105,0.6524626383992851
0.6372549019607843,0.4,99.0,1.0,0.0,0.0,4.0,1.0,0.0,0.27696793002915454,0.6029850746268659,0.5166666666666666,0.6166666666666667,0.42319627618308764,3.0,2.0,0.2679245283018868,5.0,0.6571428571428573,0.8714285714285714,0.10624999999999996,0.175,0.3877551020408163,0.27777777777777773,0.39473684210526316,0.10369395759892755
0.6421568627450981,0.8,100.0,1.0,0.0,1.0,2.0,1.0,0.0,0.27696793002915454,0.5328358208955226,0.5249999999999995,0.2250000000000001,0.3770364623739333,3.0,2.0,0.2679245283018868,5.0,0.6571428571428573,0.8714285714285714,0.10624999999999996,0.175,0.3877551020408163,0.27777777777777773,0.39473684210526316,0.11858894791718386
0.6470588235294118,1.0,101.0,1.0,0.0,1.0,2.0,1.0,0.0,0.36443148688046634,0.6791044776119404,0.5166666666666666,0.6916666666666669,0.45384018619084565,3.0,2.0,0.22641509433962265,5.0,0.7142857142857142,0.4761904761904763,0.14437500000000003,0.2583333333333333,0.4489795918367345,0.22222222222222215,0.3157894736842105,0.1671217913708356
0.6519607843137255,0.8,103.0,1.0,0.0,0.0,3.0,1.0,0.0,0.36443148688046634,0.6791044776119404,0.5166666666666666,0.6916666666666669,0.46819239720713735,3.0,2.0,0.22641509433962265,5.0,0.7142857142857142,0.4761904761904763,0.14375000000000004,0.2583333333333333,0.4489795918367345,0.22222222222222215,0.3157894736842105,0.17506578620723895
0.6568627450980392,1.0,103.0,1.0,0.0,1.0,2.0,1.0,0.0,0.36443148688046634,0.6791044776119404,0.5166666666666666,0.6916666666666669,0.47284716834755613,3.0,2.0,0.22641509433962265,5.0,0.0,0.0,0.14375000000000004,0.2583333333333333,0.4489795918367345,0.22222222222222215,0.3157894736842105,0.24631348989623159
0.6617647058823529,0.8,102.0,1.0,0.0,0.0,3.0,1.0,0.0,0.36443148688046634,0.6791044776119404,0.5166666666666666,0.6916666666666669,0.4926299456943366,3.0,2.0,0.22641509433962265,5.0,0.7142857142857142,0.4761904761904763,0.14375000000000004,0.2583333333333333,0.4489795918367345,0.22222222222222215,0.3157894736842105,0.257981232312199
0.6666666666666666,1.0,102.0,1.0,1.0,1.0,2.0,1.0,0.0,0.36443148688046634,0.6791044776119404,0.5166666666666666,0.6916666666666669,0.5120248254460822,0.0,2.0,0.22641509433962265,5.0,0.7142857142857142,0.4761904761904763,0.125,0.4666666666666666,0.5510204081632655,0.16666666666666669,0.26315789473684204,0.3235191897125267
0.6715686274509804,0.8,101.0,1.0,1.0,0.0,3.0,1.0,0.0,0.36443148688046634,0.6791044776119404,0.5166666666666666,0.6916666666666669,0.5271528316524436,0.0,2.0,0.22641509433962265,5.0,0.7142857142857142,0.4761904761904763,0.125,0.4666666666666666,0.5510204081632655,0.16666666666666669,0.26315789473684204,0.3351869321284941
0.6764705882352942,0.8,104.0,1.0,0.0,1.0,2.0,1.0,0.0,0.20699708454810528,0.23582089552238816,0.25833333333333375,0.4916666666666667,0.2179984484096199,4.0,2.0,0.1358490566037736,1.0,0.7714285714285716,0.13809523809523805,0.125,0.08749999999999997,0.30612244897959173,0.49999999999999994,0.5263157894736842,0.0
0.6813725490196079,0.8,107.0,1.0,0.0,1.0,2.0,1.0,0.0,0.20699708454810528,0.25074626865671634,0.27500000000000036,0.4916666666666667,0.24515128006206366,4.0,2.0,0.17735849056603775,1.0,0.7714285714285716,0.2714285714285716,0.10624999999999996,0.10416666666666663,0.1020408163265305,0.3611111111111111,0.39473684210526316,0.04803634377637653
0.6862745098039216,0.8,107.0,1.0,0.0,1.0,2.0,0.0,0.0,0.19533527696792996,0.2417910447761198,0.29166666666666696,0.6583333333333337,0.2916989914662529,4.0,2.0,0.17735849056603775,1.0,0.7714285714285716,0.2714285714285716,0.10624999999999996,0.10416666666666663,0.1020408163265305,0.3611111111111111,0.39473684210526316,0.061690084901444814
0.6911764705882353,0.4,104.0,1.0,0.0,0.0,3.0,1.0,0.0,0.3090379008746358,0.4611940298507462,0.4250000000000007,0.39166666666666705,0.25484871993793634,4.0,2.0,0.17735849056603775,1.0,0.7714285714285716,0.2714285714285716,0.15625,0.14166666666666666,0.26530612244897966,0.5277777777777777,0.5526315789473684,0.049848567598431065
0.696078431372549,0.4,106.0,1.0,0.0,0.0,3.0,1.0,0.0,0.3090379008746358,0.4611940298507462,0.4250000000000007,0.39166666666666705,0.2723041117145074,4.0,2.0,0.17735849056603775,1.0,0.7714285714285716,0.2714285714285716,0.15625,0.14166666666666666,0.1020408163265305,0.4166666666666666,0.4473684210526315,0.06595998212601162
0.7009803921568627,0.4,105.0,1.0,0.0,0.0,3.0,1.0,0.0,0.3090379008746358,0.4611940298507462,0.4250000000000007,0.39166666666666705,0.33048875096974395,4.0,2.0,0.17735849056603775,5.0,0.7714285714285716,0.2714285714285716,0.125,0.19166666666666665,0.4285714285714286,0.3611111111111111,0.42105263157894735,0.12020257186832828
0.7058823529411765,0.4,108.0,1.0,0.0,0.0,3.0,0.0,0.0,0.3032069970845481,0.4611940298507462,0.4250000000000007,0.5416666666666665,0.3479441427463149,4.0,2.0,0.17735849056603775,1.0,0.7714285714285716,0.2714285714285716,0.125,0.14166666666666666,0.26530612244897966,0.3055555555555555,0.23684210526315785,0.1021548085993744
0.7107843137254902,0.4,109.0,1.0,1.0,0.0,3.0,0.0,0.0,0.3032069970845481,0.4611940298507462,0.4250000000000007,0.5416666666666665,0.39643134212567877,4.0,2.0,0.17735849056603775,5.0,0.7714285714285716,0.2714285714285716,0.04375000000000001,0.26249999999999996,0.26530612244897966,0.3055555555555555,0.3421052631578947,0.15245022590735313
0.7156862745098039,0.4,110.0,1.0,0.0,0.0,4.0,1.0,0.0,0.3032069970845481,0.4835820895522387,0.4250000000000007,0.4333333333333331,0.3110938712179985,4.0,2.0,0.17735849056603775,1.0,0.7714285714285716,0.2714285714285716,0.125,0.14166666666666666,0.26530612244897966,0.4166666666666666,0.42105263157894735,0.05821458716051833
0.7205882352941176,0.4,111.0,1.0,0.0,0.0,4.0,1.0,0.0,0.3032069970845481,0.4835820895522387,0.4250000000000007,0.4333333333333331,0.37509697439875866,4.0,2.0,0.17735849056603775,5.0,0.7714285714285716,0.2714285714285716,0.125,0.19166666666666665,0.4285714285714286,0.3333333333333333,0.39473684210526316,0.12611091802790325
0.7254901960784313,0.4,107.0,1.0,0.0,0.0,4.0,0.0,0.0,0.30029154518950474,0.4850746268656714,0.4250000000000007,0.5916666666666663,0.36152055857253684,4.0,2.0,0.17735849056603775,1.0,0.7714285714285716,0.2714285714285716,0.125,0.14166666666666666,0.26530612244897966,0.27777777777777773,0.3421052631578947,0.07186832828558662
0.7303921568627451,0.4,107.0,1.0,1.0,0.0,4.0,0.0,0.0,0.30029154518950474,0.4850746268656714,0.4250000000000007,0.5916666666666663,0.4507370054305664,4.0,2.0,0.17735849056603775,5.0,0.7714285714285716,0.2714285714285716,0.04375000000000001,0.26249999999999996,0.26530612244897966,0.27777777777777773,0.1842105263157895,0.16324909388808895
0.7352941176470589,0.6000000000000001,123.0,1.0,0.0,1.0,2.0,1.0,0.0,0.26530612244897966,0.26268656716417915,0.27500000000000036,0.5583333333333331,0.19278510473235067,3.0,2.0,0.11698113207547167,1.0,0.3642857142857141,0.4571428571428571,0.125,0.05833333333333329,0.26530612244897966,0.6111111111111112,0.6052631578947367,0.005709746288664913
0.7401960784313726,0.6000000000000001,120.0,1.0,0.0,1.0,2.0,1.0,0.0,0.26530612244897966,0.26268656716417915,0.27500000000000036,0.5583333333333331,0.21411947245927077,3.0,2.0,0.11698113207547167,1.0,0.3642857142857141,0.4571428571428571,0.125,0.05833333333333329,0.26530612244897966,0.49999999999999994,0.5789473684210527,0.030286480313787778
0.7450980392156863,0.6000000000000001,116.0,1.0,0.0,0.0,2.0,1.0,0.0,0.26530612244897966,0.26268656716417915,0.27500000000000036,0.5583333333333331,0.20442203258339797,3.0,2.0,0.11698113207547167,1.0,0.3642857142857141,0.4571428571428571,0.125,0.05833333333333329,0.26530612244897966,0.49999999999999994,0.5789473684210527,0.03401022789335187
0.75,0.4,121.0,1.0,0.0,0.0,4.0,1.0,0.0,0.26530612244897966,0.4268656716417909,0.27500000000000036,0.9416666666666669,0.30721489526764933,3.0,2.0,0.11698113207547167,1.0,0.3642857142857141,0.4571428571428571,0.125,0.05833333333333329,0.26530612244897966,0.49999999999999994,0.5526315789473684,0.044684970954768866
0.7549019607843137,0.4,117.0,1.0,0.0,0.0,4.0,0.0,0.0,0.26530612244897966,0.4268656716417909,0.27500000000000036,0.9416666666666669,0.3110938712179985,3.0,2.0,0.11698113207547167,1.0,0.3642857142857141,0.4571428571428571,0.125,0.05833333333333329,0.26530612244897966,0.3888888888888889,0.42105263157894735,0.06901345514125415
0.7598039215686274,0.4,112.0,1.0,0.0,0.0,4.0,0.0,0.0,0.26530612244897966,0.4268656716417909,0.27500000000000036,0.9416666666666669,0.6291698991466252,3.0,2.0,0.11698113207547167,1.0,0.3642857142857141,0.4571428571428571,0.125,0.05833333333333329,0.26530612244897966,0.3888888888888889,0.42105263157894735,0.09085944094136339
0.7647058823529412,0.4,125.0,1.0,0.0,0.0,3.0,1.0,0.0,0.26530612244897966,0.37611940298507474,0.3416666666666677,0.4333333333333331,0.2300232738557021,3.0,2.0,0.139622641509434,1.0,0.4642857142857142,0.4571428571428571,0.125,0.09166666666666667,0.26530612244897966,0.47222222222222215,0.5526315789473684,0.045181470632044085
0.7696078431372549,0.4,116.0,1.0,0.0,0.0,2.0,1.0,0.0,0.26530612244897966,0.37611940298507474,0.3416666666666677,0.4166666666666665,0.24088440651667964,3.0,2.0,0.139622641509434,1.0,0.4642857142857142,0.4571428571428571,0.125,0.09166666666666667,0.26530612244897966,0.47222222222222215,0.5526315789473684,0.0516359664366218
0.7745098039215687,0.4,120.0,0.0,0.0,0.0,3.0,1.0,0.0,0.26530612244897966,0.37611940298507474,0.3416666666666677,0.4333333333333331,0.3052754072924748,3.0,2.0,0.1849056603773585,3.0,0.5214285714285716,0.6095238095238096,0.96875,0.033333333333333326,0.1428571428571428,0.5833333333333333,0.5263157894736842,0.06901345514125415
0.7794117647058824,0.4,115.0,0.0,0.0,0.0,2.0,1.0,0.0,0.26530612244897966,0.37611940298507474,0.3416666666666677,0.4166666666666665,0.3052754072924748,3.0,2.0,0.1849056603773585,3.0,0.5214285714285716,0.6095238095238096,0.96875,0.033333333333333326,0.1428571428571428,0.6944444444444444,0.8157894736842104,0.0662827069162405
0.7843137254901961,0.4,120.0,1.0,0.0,0.0,3.0,1.0,0.0,0.26530612244897966,0.37611940298507474,0.3416666666666677,0.4333333333333331,0.23506594259115587,3.0,2.0,0.139622641509434,1.0,0.4642857142857142,0.4571428571428571,0.125,0.09166666666666667,0.26530612244897966,0.6944444444444444,0.8157894736842104,0.06504145772305248
0.7892156862745098,0.4,115.0,1.0,0.0,0.0,2.0,1.0,0.0,0.26530612244897966,0.37611940298507474,0.3416666666666677,0.4166666666666665,0.24592707525213342,3.0,2.0,0.139622641509434,1.0,0.4642857142857142,0.4571428571428571,0.125,0.09166666666666667,0.26530612244897966,0.4166666666666666,0.4736842105263157,0.08043294771858397
0.7941176470588235,0.4,125.0,1.0,0.0,0.0,3.0,1.0,0.0,0.26530612244897966,0.37611940298507474,0.3416666666666677,0.4166666666666665,0.2529092319627618,3.0,2.0,0.139622641509434,1.0,0.4642857142857142,0.4571428571428571,0.125,0.09166666666666667,0.26530612244897966,0.4166666666666666,0.4736842105263157,0.10277543319596841
0.7990196078431373,0.6000000000000001,118.0,1.0,0.0,1.0,3.0,2.0,0.0,0.23032069970845503,0.4119402985074627,0.30833333333333357,0.3999999999999999,0.26415826221877425,3.0,2.0,0.139622641509434,1.0,0.4642857142857142,0.4571428571428571,0.125,0.09166666666666667,0.26530612244897966,0.44444444444444436,0.4736842105263157,0.07298545255945582
0.803921568627451,0.6000000000000001,120.0,1.0,0.0,1.0,2.0,2.0,0.0,0.23032069970845503,0.4119402985074627,0.30833333333333357,0.3999999999999999,0.2777346780449961,3.0,2.0,0.139622641509434,1.0,0.4642857142857142,0.4571428571428571,0.125,0.09166666666666667,0.26530612244897966,0.44444444444444436,0.4736842105263157,0.07745394965493271
0.8088235294117647,0.6000000000000001,114.0,1.0,0.0,1.0,3.0,2.0,0.0,0.23032069970845503,0.4119402985074627,0.30833333333333357,0.3999999999999999,0.3013964313421257,0.0,2.0,0.139622641509434,5.0,0.5000000000000002,0.480952380952381,0.15000000000000002,0.26666666666666666,0.9999999999999998,0.3611111111111111,0.3421052631578947,0.10376843255051885
0.8137254901960784,0.6000000000000001,119.0,1.0,0.0,1.0,2.0,2.0,0.0,0.23032069970845503,0.4119402985074627,0.30833333333333357,0.3999999999999999,0.3149728471683475,0.0,2.0,0.139622641509434,5.0,0.5000000000000002,0.480952380952381,0.15000000000000002,0.26666666666666666,0.9999999999999998,0.3611111111111111,0.3421052631578947,0.10972642867782137
0.8186274509803921,0.8,122.0,1.0,0.0,1.0,1.0,2.0,0.0,0.34402332361516086,0.5238805970149252,0.44166666666666643,0.3500000000000001,0.4080682699767262,3.0,2.0,0.32075471698113206,5.0,0.7714285714285716,0.680952380952381,0.14375000000000004,0.2833333333333333,0.26530612244897966,0.3055555555555555,0.368421052631579,0.08269202125018618
0.8235294117647058,0.8,115.0,1.0,0.0,1.0,1.0,2.0,0.0,0.34402332361516086,0.5238805970149252,0.44166666666666643,0.3500000000000001,0.40651667959658644,3.0,2.0,0.32075471698113206,5.0,0.7714285714285716,0.680952380952381,0.14375000000000004,0.2833333333333333,0.26530612244897966,0.3055555555555555,0.368421052631579,0.11223375204806116
0.8284313725490197,0.8,126.0,1.0,0.0,1.0,2.0,2.0,0.0,0.34402332361516086,0.5238805970149252,0.44166666666666643,0.3500000000000001,0.4123351435221102,3.0,2.0,0.32075471698113206,5.0,0.7714285714285716,0.680952380952381,0.14375000000000004,0.2833333333333333,0.26530612244897966,0.3055555555555555,0.368421052631579,0.12092249640037733
0.8333333333333334,0.8,127.0,1.0,0.0,1.0,1.0,2.0,0.0,0.34402332361516086,0.5238805970149252,0.44166666666666643,0.3500000000000001,0.4619860356865788,3.0,2.0,0.32075471698113206,5.0,0.7714285714285716,0.680952380952381,0.14375000000000004,0.2833333333333333,0.26530612244897966,0.3055555555555555,0.368421052631579,0.15096072687552753
0.8382352941176471,0.8,115.0,1.0,0.0,1.0,2.0,2.0,0.0,0.34402332361516086,0.5238805970149252,0.44166666666666643,0.3500000000000001,0.4755624515128005,3.0,2.0,0.32075471698113206,5.0,0.7714285714285716,0.680952380952381,0.14375000000000004,0.2833333333333333,0.26530612244897966,0.3055555555555555,0.368421052631579,0.15964947122784368
0.8431372549019608,0.8,124.0,1.0,0.0,1.0,0.0,2.0,0.0,0.34402332361516086,0.5238805970149252,0.44166666666666643,0.4333333333333331,0.5768037238169124,3.0,2.0,0.32075471698113206,5.0,0.7714285714285716,0.680952380952381,0.14375000000000004,0.2833333333333333,0.26530612244897966,0.3055555555555555,0.368421052631579,0.3115783724740579
0.8480392156862745,0.2,115.0,1.0,0.0,0.0,3.0,1.0,0.0,0.46064139941691007,0.5149253731343282,0.5166666666666666,0.5916666666666663,0.3250581846392552,3.0,2.0,0.23018867924528302,5.0,0.55,0.7000000000000002,0.10624999999999996,0.1833333333333333,0.020408163265306145,0.44444444444444436,0.4736842105263157,0.09507968819820267
0.8529411764705882,0.2,113.0,0.0,1.0,0.0,3.0,1.0,0.0,0.46064139941691007,0.5149253731343282,0.5166666666666666,0.5916666666666663,0.38479441427463146,3.0,2.0,0.1849056603773585,3.0,0.5214285714285716,0.6095238095238096,0.96875,0.10416666666666663,0.1428571428571428,0.47222222222222215,0.4473684210526315,0.13852340995978352
0.857843137254902,0.2,120.0,1.0,0.0,0.0,2.0,1.0,0.0,0.46064139941691007,0.5149253731343282,0.5166666666666666,0.5083333333333333,0.35919317300232734,3.0,2.0,0.23018867924528302,5.0,0.55,0.7000000000000002,0.10624999999999996,0.1833333333333333,0.020408163265306145,0.3888888888888889,0.42105263157894735,0.12089767141651359
0.8627450980392157,0.2,115.0,1.0,0.0,0.0,3.0,1.0,0.0,0.46064139941691007,0.5149253731343282,0.5166666666666666,0.5916666666666663,0.35919317300232734,3.0,2.0,0.23018867924528302,5.0,0.55,0.7000000000000002,0.10624999999999996,0.1833333333333333,0.020408163265306145,0.3888888888888889,0.42105263157894735,0.1434884067325356
0.8676470588235294,0.2,125.0,1.0,0.0,0.0,2.0,1.0,0.0,0.46064139941691007,0.5149253731343282,0.5166666666666666,0.5083333333333333,0.3762606671838634,3.0,2.0,0.23018867924528302,5.0,0.55,0.7000000000000002,0.10624999999999996,0.1833333333333333,0.020408163265306145,0.3888888888888889,0.42105263157894735,0.1521771510848518
0.8725490196078431,1.0,118.0,1.0,0.0,1.0,2.0,2.0,0.0,0.47521865889212833,0.6328358208955223,0.6166666666666671,0.3500000000000001,0.5771916214119472,0.0,3.0,0.4150943396226415,5.0,0.5214285714285716,0.6095238095238096,0.14375000000000004,0.47083333333333327,0.4285714285714286,0.19444444444444448,0.21052631578947367,0.28399781540142
0.8774509803921569,1.0,120.0,1.0,0.0,1.0,2.0,2.0,0.0,0.47521865889212833,0.6328358208955223,0.6166666666666671,0.3500000000000001,0.5927075252133436,0.0,3.0,0.4150943396226415,5.0,0.5214285714285716,0.6095238095238096,0.14375000000000004,0.47083333333333327,0.4285714285714286,0.16666666666666669,0.21052631578947367,0.2700958244377141
0.8823529411764706,0.2,126.0,1.0,0.0,0.0,3.0,2.0,0.0,0.5218658892128283,0.6970149253731344,0.5166666666666666,0.5249999999999999,0.6373157486423584,0.0,3.0,0.4150943396226415,5.0,0.5214285714285716,0.6095238095238096,0.13749999999999996,0.45,0.4285714285714286,0.19444444444444448,0.21052631578947367,0.2624497294076759
0.8872549019607843,0.2,128.0,1.0,0.0,0.0,4.0,2.0,0.0,0.5218658892128283,0.6970149253731344,0.5166666666666666,0.5249999999999999,0.6450737005430567,0.0,3.0,0.3773584905660377,5.0,0.5214285714285716,0.6095238095238096,0.13749999999999996,0.45,0.4285714285714286,0.16666666666666669,0.21052631578947367,0.2639392284395015
0.8921568627450981,0.8,129.0,0.0,0.0,1.0,3.0,1.0,0.0,0.31195335276967917,0.4567164179104477,0.43333333333333357,0.6583333333333337,0.29984484096198605,3.0,2.0,0.1358490566037736,3.0,0.33571428571428563,0.6333333333333333,1.0,0.016666666666666663,0.26530612244897966,0.6666666666666665,0.7894736842105263,0.06595998212601162
0.8970588235294118,0.8,130.0,1.0,0.0,1.0,3.0,1.0,0.0,0.31195335276967917,0.4567164179104477,0.43333333333333357,0.6583333333333337,0.2796741660201707,3.0,2.0,0.18113207547169813,5.0,0.4642857142857142,0.6333333333333333,0.125,0.15416666666666667,0.4489795918367345,0.3888888888888889,0.4736842105263157,0.0709249788987637
0.9019607843137255,0.8,133.0,0.0,0.0,0.0,3.0,1.0,0.0,0.31195335276967917,0.4567164179104477,0.43333333333333357,0.6583333333333337,0.3010085337470908,3.0,2.0,0.1358490566037736,3.0,0.33571428571428563,0.6333333333333333,1.0,0.016666666666666663,0.26530612244897966,0.6666666666666665,0.7894736842105263,0.07142147857603892
0.9068627450980392,0.8,137.0,1.0,0.0,0.0,3.0,1.0,0.0,0.31195335276967917,0.4567164179104477,0.43333333333333357,0.6583333333333337,0.28083785880527545,3.0,2.0,0.18113207547169813,5.0,0.4642857142857142,0.6333333333333333,0.125,0.15416666666666667,0.4489795918367345,0.3888888888888889,0.4736842105263157,0.076386475348791
0.9117647058823529,0.8,131.0,1.0,0.0,0.0,3.0,1.0,0.0,0.31195335276967917,0.4567164179104477,0.43333333333333357,0.6583333333333337,0.3052754072924748,3.0,2.0,0.18113207547169813,5.0,0.4642857142857142,0.6333333333333333,0.125,0.15416666666666667,0.4489795918367345,0.3888888888888889,0.4736842105263157,0.08383397050791916
0.9166666666666666,0.8,136.0,0.0,1.0,0.0,3.0,1.0,0.0,0.31195335276967917,0.4567164179104477,0.43333333333333357,0.6583333333333337,0.3223429014740109,3.0,2.0,0.1358490566037736,3.0,0.33571428571428563,0.6333333333333333,1.0,0.08333333333333331,0.1428571428571428,0.6666666666666665,0.6842105263157894,0.10865895437167966
0.9215686274509804,0.8,132.0,1.0,0.0,0.0,3.0,1.0,0.0,0.31195335276967917,0.4567164179104477,0.43333333333333357,0.6583333333333337,0.3149728471683475,3.0,2.0,0.18113207547169813,5.0,0.4642857142857142,0.6333333333333333,0.1875,0.21666666666666667,0.5510204081632655,0.3611111111111111,0.42105263157894735,0.1210714463035599
0.9264705882352942,1.0,145.0,1.0,0.0,1.0,0.0,1.0,0.0,0.23032069970845503,0.27164179104477615,0.3250000000000002,0.6499999999999999,0.29712955779674166,3.0,2.0,0.18113207547169813,5.0,0.4642857142857142,0.6333333333333333,0.09375,0.175,0.5510204081632655,0.3055555555555555,0.3421052631578947,0.1607914204855767
0.9313725490196079,1.0,146.0,1.0,0.0,1.0,2.0,1.0,0.0,0.23032069970845503,0.3671641791044773,0.30833333333333357,0.30000000000000027,0.2843289371605896,3.0,2.0,0.18113207547169813,5.0,0.4642857142857142,0.6333333333333333,0.09375,0.175,0.5510204081632655,0.3055555555555555,0.3421052631578947,0.1206990715456035
0.9362745098039216,0.4,134.0,1.0,0.0,0.0,3.0,1.0,0.0,0.40233236151603524,0.5835820895522388,0.5500000000000007,0.6083333333333338,0.4550038789759503,3.0,1.0,0.2830188679245283,5.0,0.4642857142857142,0.6333333333333333,0.09375,0.2583333333333333,0.5510204081632655,0.16666666666666669,0.21052631578947367,0.20299389305396953
0.9411764705882353,0.4,135.0,0.0,1.0,0.0,3.0,1.0,0.0,0.40233236151603524,0.5835820895522388,0.5500000000000007,0.6083333333333338,0.42319627618308764,3.0,2.0,0.1358490566037736,3.0,0.33571428571428563,0.6333333333333333,1.0,0.08333333333333331,0.1428571428571428,0.5555555555555556,0.5789473684210527,0.21664763417903776
0.946078431372549,0.4,132.0,1.0,0.0,0.0,4.0,1.0,0.0,0.40233236151603524,0.6268656716417911,0.5500000000000007,0.6083333333333338,0.4169899146625291,3.0,2.0,0.18113207547169813,5.0,0.4642857142857142,0.6333333333333333,0.125,0.16666666666666663,0.5510204081632655,0.3333333333333333,0.39473684210526316,0.1780447842708902
0.9509803921568627,0.0,139.0,1.0,0.0,0.0,3.0,2.0,0.0,0.5160349854227406,0.711940298507463,0.5750000000000002,0.7000000000000006,0.5523661753297129,3.0,2.0,0.3018867924528302,5.0,0.8857142857142855,0.5142857142857142,0.15625,0.27499999999999997,0.5102040816326532,0.27777777777777773,0.3157894736842105,0.19418102378233454
0.9558823529411765,0.2,138.0,1.0,0.0,0.0,4.0,2.0,0.0,0.5160349854227406,0.711940298507463,0.5750000000000002,0.8083333333333331,0.5996896819239721,3.0,2.0,0.3018867924528302,5.0,0.8857142857142855,0.5142857142857142,0.15625,0.27499999999999997,0.5102040816326532,0.27777777777777773,0.3157894736842105,0.2059728911176208
0.9607843137254902,0.0,140.0,1.0,0.0,0.0,3.0,2.0,0.0,0.5160349854227406,0.711940298507463,0.5750000000000002,0.7000000000000006,0.5612878200155158,3.0,2.0,0.3018867924528302,5.0,0.8857142857142855,0.5142857142857142,0.15625,0.27499999999999997,0.5102040816326532,0.3055555555555555,0.3157894736842105,0.26977309964748525
0.9656862745098039,0.2,141.0,1.0,0.0,0.0,4.0,2.0,0.0,0.5160349854227406,0.711940298507463,0.5750000000000002,0.8083333333333331,0.6027928626842514,3.0,2.0,0.3018867924528302,5.0,0.8857142857142855,0.5142857142857142,0.15625,0.27499999999999997,0.5102040816326532,0.3055555555555555,0.3157894736842105,0.2829303410952783
0.9705882352941176,0.0,143.0,1.0,1.0,0.0,3.0,2.0,0.0,0.5160349854227406,0.711940298507463,0.5750000000000002,0.7000000000000006,0.603956555469356,3.0,2.0,0.26037735849056604,5.0,0.7714285714285716,0.5142857142857142,0.03125,0.47500000000000003,0.3877551020408163,0.1111111111111111,0.1578947368421053,0.330221935355742
0.9754901960784313,0.2,144.0,1.0,1.0,0.0,4.0,2.0,0.0,0.5160349854227406,0.711940298507463,0.5750000000000002,0.8083333333333331,0.6474010861132662,3.0,2.0,0.26037735849056604,5.0,0.7714285714285716,0.5142857142857142,0.03125,0.47500000000000003,0.3877551020408163,0.1111111111111111,0.1578947368421053,0.3433791768035351
0.9803921568627451,0.2,139.0,1.0,0.0,0.0,3.0,2.0,0.0,0.6559766763848396,0.711940298507463,0.7166666666666677,0.641666666666667,0.5678820791311094,3.0,2.0,0.3018867924528302,5.0,0.8857142857142855,0.5142857142857142,0.15625,0.27499999999999997,0.5102040816326532,0.27777777777777773,0.3157894736842105,0.29112258577031924
0.9852941176470589,0.2,138.0,1.0,1.0,0.0,3.0,2.0,0.0,0.6559766763848396,0.711940298507463,0.708333333333333,0.641666666666667,0.6055081458494957,3.0,2.0,0.3018867924528302,5.0,0.8857142857142855,0.5142857142857142,0.10624999999999996,0.4666666666666666,0.4693877551020409,0.16666666666666669,0.23684210526315785,0.34573755027059233
0.9901960784313726,0.2,140.0,1.0,0.0,0.0,3.0,2.0,0.0,0.6559766763848396,0.711940298507463,0.7166666666666677,0.641666666666667,0.591155934833204,5.0,3.0,0.4226415094339622,5.0,0.7428571428571431,0.38095238095238115,0.11250000000000004,0.35833333333333334,0.5510204081632655,0.1388888888888889,0.1842105263157895,0.4063105108981679
0.9950980392156863,0.2,142.0,0.0,1.0,0.0,3.0,2.0,0.0,0.6559766763848396,0.711940298507463,0.7166666666666677,0.641666666666667,0.6706749418153608,3.0,3.0,0.3169811320754717,3.0,0.33571428571428563,0.6333333333333333,1.0,0.24166666666666664,0.26530612244897966,0.3611111111111111,0.2894736842105263,0.43076312000397204
1.0,0.2,143.0,1.0,1.0,0.0,3.0,2.0,0.0,0.6559766763848396,0.711940298507463,0.7166666666666677,0.641666666666667,0.6105508145849496,3.0,2.0,0.3018867924528302,5.0,0.8857142857142855,0.5142857142857142,0.15625,0.27499999999999997,0.5102040816326532,0.16666666666666669,0.23684210526315785,0.4346109925028549
